{"_id":"By6f-CYaz","title":"GIT Cheat Sheet","dateCreated":1525436693463,"lastAccessed":"2018-05-04T12:24:53.463Z","lastUpdated":"2018-05-04T13:58:23.375Z","notebookId":"S1WKzWAKTz","body":{"blocks":[{"key":"ag6qs","text":"GIT Cheat Sheet","type":"header-one","depth":0,"inlineStyleRanges":[],"entityRanges":[],"data":{}},{"key":"229ir","text":"","type":"header-one","depth":0,"inlineStyleRanges":[],"entityRanges":[],"data":{}},{"key":"7pirh","text":"init — Create an empty GIT repository in your development directory","type":"header-two","depth":0,"inlineStyleRanges":[],"entityRanges":[],"data":{}},{"key":"867bc","text":"Go to Directory","type":"custom-code-block-git","depth":0,"inlineStyleRanges":[],"entityRanges":[],"data":{}},{"key":"7p2nt","text":"git init","type":"custom-code-block-git","depth":0,"inlineStyleRanges":[],"entityRanges":[],"data":{}},{"key":"8b0v5","text":"status — Show the current state of the repository including un-added and un-committed files","type":"header-two","depth":0,"inlineStyleRanges":[],"entityRanges":[],"data":{}},{"key":"ar4s0","text":" git status","type":"custom-code-block-git","depth":0,"inlineStyleRanges":[],"entityRanges":[],"data":{}},{"key":"btnn9","text":"add — Add a file to the repository staging area","type":"header-two","depth":0,"inlineStyleRanges":[],"entityRanges":[],"data":{}},{"key":"3f6rc","text":"create a file, e.g file.txt","type":"custom-code-block-git","depth":0,"inlineStyleRanges":[],"entityRanges":[],"data":{}},{"key":"cvsk5","text":"git add file.txt","type":"custom-code-block-git","depth":0,"inlineStyleRanges":[],"entityRanges":[],"data":{}},{"key":"e2k1","text":"Add all new or changed files to the repository staging area (the period means all)","type":"header-two","depth":0,"inlineStyleRanges":[],"entityRanges":[],"data":{}},{"key":"f04t5","text":"git add . (check the .)","type":"custom-code-block-git","depth":0,"inlineStyleRanges":[],"entityRanges":[],"data":{}},{"key":"55ajl","text":"commit — Commit all changes to the repository for first time (-m means message)","type":"header-two","depth":0,"inlineStyleRanges":[],"entityRanges":[],"data":{}},{"key":"8uj66","text":"git commit -m \"Comment\"","type":"custom-code-block-git","depth":0,"inlineStyleRanges":[],"entityRanges":[],"data":{}},{"key":"684dl","text":"Commit all changes to the repository for later activities","type":"header-two","depth":0,"inlineStyleRanges":[],"entityRanges":[],"data":{}},{"key":"cu3km","text":"git commit -m \"Description\"","type":"custom-code-block-git","depth":0,"inlineStyleRanges":[],"entityRanges":[],"data":{}},{"key":"c7lja","text":"branch — Create a new branch of the project","type":"header-two","depth":0,"inlineStyleRanges":[],"entityRanges":[],"data":{}},{"key":"8hgca","text":"git branch test","type":"custom-code-block-git","depth":0,"inlineStyleRanges":[],"entityRanges":[],"data":{}},{"key":"4obo3","text":"List all branches (* appears next to current branch)","type":"header-two","depth":0,"inlineStyleRanges":[],"entityRanges":[],"data":{}},{"key":"4i821","text":"git branch","type":"custom-code-block-git","depth":0,"inlineStyleRanges":[],"entityRanges":[],"data":{}},{"key":"fk4i5","text":"checkout — Switch branches and check-out all files (e.g. to test branch)","type":"header-two","depth":0,"inlineStyleRanges":[],"entityRanges":[],"data":{}},{"key":"7spgm","text":"git checkout test","type":"custom-code-block-git","depth":0,"inlineStyleRanges":[],"entityRanges":[],"data":{}},{"key":"d5u63","text":"Create a new branch and check-out files in one command","type":"header-two","depth":0,"inlineStyleRanges":[],"entityRanges":[],"data":{}},{"key":"18bv2","text":"git checkout -b test","type":"custom-code-block-git","depth":0,"inlineStyleRanges":[],"entityRanges":[],"data":{}},{"key":"e4u3q","text":"merge — Merge two branches together (go to the destination branch first, e.g. master)","type":"header-two","depth":0,"inlineStyleRanges":[],"entityRanges":[],"data":{}},{"key":"aila9","text":"git checkout master","type":"custom-code-block-git","depth":0,"inlineStyleRanges":[],"entityRanges":[],"data":{}},{"key":"1pht0","text":"git merge test","type":"custom-code-block-git","depth":0,"inlineStyleRanges":[],"entityRanges":[],"data":{}},{"key":"1btur","text":"(delete) — Delete a branch that you no longer need (e.g. after a merge)","type":"header-two","depth":0,"inlineStyleRanges":[],"entityRanges":[],"data":{}},{"key":"5u5q6","text":"git branch test -d","type":"custom-code-block-git","depth":0,"inlineStyleRanges":[],"entityRanges":[],"data":{}},{"key":"1faha","text":" Or to force the delete:","type":"header-two","depth":0,"inlineStyleRanges":[],"entityRanges":[],"data":{}},{"key":"4v7bk","text":"git branch test -D","type":"custom-code-block-git","depth":0,"inlineStyleRanges":[],"entityRanges":[],"data":{}},{"key":"bn4f5","text":"log — View commit history (including long commit ID numbers)","type":"header-two","depth":0,"inlineStyleRanges":[],"entityRanges":[],"data":{}},{"key":"bdkoc","text":"git log","type":"custom-code-block-git","depth":0,"inlineStyleRanges":[],"entityRanges":[],"data":{}},{"key":"16m9","text":"revert — Revert all files back to a previous commit point","type":"header-two","depth":0,"inlineStyleRanges":[],"entityRanges":[],"data":{}},{"key":"fsse7","text":"git rever <COMMIT ID FROM LOG COMMAND>","type":"custom-code-block-git","depth":0,"inlineStyleRanges":[],"entityRanges":[],"data":{}},{"key":"518fv","text":"Removes cache from a specific file so that it can be added to the .gitignore","type":"header-two","depth":0,"inlineStyleRanges":[],"entityRanges":[],"data":{}},{"key":"34gjj","text":"git rm --cached <filename>","type":"custom-code-block-git","depth":0,"inlineStyleRanges":[],"entityRanges":[],"data":{}},{"key":"7mbt8","text":"Push repository to GITHub for first time","type":"header-two","depth":0,"inlineStyleRanges":[],"entityRanges":[],"data":{}},{"key":"53kk4","text":"git remote add origin https://github.com/<username>/repo.git","type":"custom-code-block-git","depth":0,"inlineStyleRanges":[],"entityRanges":[],"data":{}},{"key":"cs8vn","text":"Push normally","type":"header-two","depth":0,"inlineStyleRanges":[],"entityRanges":[],"data":{}},{"key":"2ekp1","text":"git push origin master","type":"custom-code-block-git","depth":0,"inlineStyleRanges":[],"entityRanges":[],"data":{}},{"key":"6fqon","text":"Cloing GitHub project","type":"header-two","depth":0,"inlineStyleRanges":[],"entityRanges":[],"data":{}},{"key":"2e9uk","text":"create a directory","type":"custom-code-block-git","depth":0,"inlineStyleRanges":[],"entityRanges":[],"data":{}},{"key":"60qbo","text":"go to that directory","type":"custom-code-block-git","depth":0,"inlineStyleRanges":[],"entityRanges":[],"data":{}},{"key":"a57qd","text":"git clone <path from github repo.git>","type":"custom-code-block-git","depth":0,"inlineStyleRanges":[],"entityRanges":[],"data":{}},{"key":"rrij","text":"Pull Changes from GIT","type":"header-two","depth":0,"inlineStyleRanges":[],"entityRanges":[],"data":{}},{"key":"2r4sh","text":"git pull origin <branchname>","type":"custom-code-block-git","depth":0,"inlineStyleRanges":[],"entityRanges":[],"data":{}}],"entityMap":{}},"tags":[]}